{
  "SPEAKER_01": {
    "neutral": 0.5333333333333333,
    "happy": 0.26666666666666666,
    "sad": 0.06666666666666667,
    "angry": 0.13333333333333333,
    "fear": 0.0
  },
  "SPEAKER_00": {
    "neutral": 1.0,
    "happy": 0.0,
    "sad": 0.0,
    "angry": 0.0,
    "fear": 0.0
  }
}