{
  "SPEAKER_01": {
    "total_speaking_time": 199.24400000000006,
    "segment_count": 15,
    "total_words": 545,
    "longest_monologue": 67.821,
    "first_spoke_at": 0.132,
    "last_spoke_at": 245.478,
    "avg_segment_length": 13.282933333333338,
    "wpm": 164.12037501756635,
    "speaking_ratio": 0.9176887824424845,
    "word_ratio": 0.9083333333333333
  },
  "SPEAKER_00": {
    "total_speaking_time": 17.87099999999998,
    "segment_count": 5,
    "total_words": 55,
    "longest_monologue": 5.872,
    "first_spoke_at": 102.158,
    "last_spoke_at": 162.571,
    "avg_segment_length": 3.5741999999999963,
    "wpm": 184.656706395837,
    "speaking_ratio": 0.0823112175575155,
    "word_ratio": 0.09166666666666666
  }
}